{"stats":{"minecraft:custom":{"minecraft:time_since_rest":87954,"minecraft:crouch_one_cm":659,"minecraft:play_time":89207,"minecraft:sprint_one_cm":32870,"minecraft:deaths":3,"minecraft:damage_taken":175,"minecraft:walk_one_cm":77334,"minecraft:sneak_time":1488,"minecraft:mob_kills":3,"minecraft:jump":234,"minecraft:damage_dealt":596,"minecraft:leave_game":6,"minecraft:time_since_death":87924,"minecraft:total_world_time":89207,"minecraft:fall_one_cm":689,"minecraft:fly_one_cm":588905,"minecraft:horse_one_cm":336578},"minecraft:killed":{"minecraft:husk":3},"minecraft:used":{"minecraft:cherry_sapling":2,"minecraft:bedrock":14,"minecraft:oak_fence":41,"minecraft:purple_stained_glass_pane":12,"minecraft:black_wool":14,"minecraft:white_wool":15,"minecraft:diorite":458,"minecraft:diamond_block":14,"minecraft:iron_bars":5,"minecraft:stone_sword":6,"minecraft:spyglass":10,"minecraft:cobblestone":21,"minecraft:grass_block":67,"minecraft:yellow_stained_glass_pane":6,"minecraft:oak_sign":4,"minecraft:gold_block":12,"minecraft:cherry_leaves":12,"minecraft:bone_meal":21,"minecraft:oak_fence_gate":3,"minecraft:polished_diorite":598,"minecraft:horse_spawn_egg":3}},"DataVersion":3578}